Year,name,position,team,adp
2017,David Johnson,RB,ARI,1.3
2017,Le'Veon Bell,RB,PIT,2.3
2017,Antonio Brown,WR,PIT,3.7
2017,Julio Jones,WR,ATL,5.7
2017,Ezekiel Elliott,RB,DAL,6.2
2017,Odell Beckham Jr,WR,NYG,6.4
2017,Devonta Freeman,RB,ATL,7.0
2017,LeSean McCoy,RB,BUF,7.8
2017,Mike Evans,WR,TB,7.9
2017,A.J. Green,WR,CIN,10.0
2017,Melvin Gordon,RB,LAC,10.1
2017,Jordy Nelson,WR,GB,11.4
2017,Michael Thomas,WR,NO,13.3
2017,Jay Ajayi,RB,PHI,13.8
2017,DeMarco Murray,RB,TEN,15.2
2017,Jordan Howard,RB,CHI,16.8
2017,Brandin Cooks,WR,NE,17.1
2017,Rob Gronkowski,TE,NE,18.1
2017,Kareem Hunt,RB,KC,18.7
2017,Todd Gurley,RB,LAR,19.4
2017,Dez Bryant,WR,DAL,20.5
2017,Amari Cooper,WR,LV,21.3
2017,Doug Baldwin,WR,SEA,22.4
2017,Christian McCaffrey,RB,CAR,22.9
2017,Aaron Rodgers,QB,GB,23.4
2017,Keenan Allen,WR,LAC,25.8
2017,Leonard Fournette,RB,JAX,27.0
2017,Dalvin Cook,RB,MIN,27.5
2017,T.Y. Hilton,WR,IND,28.8
2017,Tom Brady,QB,NE,29.6
2017,Isaiah Crowell,RB,CLE,29.8
2017,Terrelle Pryor,WR,WAS,30.2
2017,DeAndre Hopkins,WR,HOU,31.7
2017,Ty Montgomery,RB,GB,32.6
2017,Demaryius Thomas,WR,DEN,34.5
2017,Carlos Hyde,RB,SF,35.2
2017,Lamar Miller,RB,HOU,35.2
2017,Marshawn Lynch,RB,LV,36.4
2017,Kelvin Benjamin,WR,BUF,38.6
2017,Travis Kelce,TE,KC,38.9
2017,Alshon Jeffery,WR,PHI,39.1
2017,Martavis Bryant,WR,PIT,40.9
2017,Drew Brees,QB,NO,41.7
2017,Joe Mixon,RB,CIN,42.5
2017,Michael Crabtree,WR,LV,43.7
2017,Davante Adams,WR,GB,44.9
2017,Tyreek Hill,WR,KC,45.5
2017,Golden Tate,WR,DET,47.8
2017,Larry Fitzgerald,WR,ARI,48.4
2017,Bilal Powell,RB,NYJ,48.6
2017,Doug Martin,RB,TB,49.0
2017,CJ Anderson,RB,DEN,51.4
2017,Greg Olsen,TE,CAR,51.5
2017,DeVante Parker,WR,MIA,51.9
2017,Ameer Abdullah,RB,DET,53.0
2017,Jordan Reed,TE,WAS,54.1
2017,Stefon Diggs,WR,MIN,54.8
2017,Matt Ryan,QB,ATL,56.4
2017,Allen Robinson,WR,JAX,57.0
2017,Jimmy Graham,TE,SEA,57.6
2017,Mark Ingram,RB,NO,57.6
2017,Jamison Crowder,WR,WAS,61.2
2017,Danny Woodhead,RB,BAL,61.7
2017,Jarvis Landry,WR,MIA,64.0
2017,Russell Wilson,QB,SEA,64.3
2017,Brandon Marshall,WR,NYG,65.2
2017,Mike Gillislee,RB,NE,65.3
2017,Pierre Garcon,WR,SF,66.4
2017,Rob Kelley,RB,WAS,67.0
2017,Adrian Peterson,RB,ARI,69.9
2017,Sammy Watkins,WR,LAR,70.0
2017,Tyler Eifert,TE,CIN,70.4
2017,Zach Ertz,TE,PHI,72.8
2017,Tevin Coleman,RB,ATL,73.2
2017,Emmanuel Sanders,WR,DEN,73.9
2017,Derek Carr,QB,LV,74.2
2017,Darren McFadden,RB,DAL,75.3
2017,Chris Hogan,WR,NE,76.5
2017,Marcus Mariota,QB,TEN,76.8
2017,Derrick Henry,RB,TEN,77.9
2017,Delanie Walker,TE,TEN,79.9
2017,Jameis Winston,QB,TB,82.4
2017,Theo Riddick,RB,DET,83.0
2017,Paul Perkins,RB,NYG,83.4
2017,Jeremy Maclin,WR,BAL,83.4
2017,Kyle Rudolph,TE,MIN,83.6
2017,Willie Snead,WR,NO,83.8
2017,Frank Gore,RB,IND,86.1
2017,Kirk Cousins,QB,WAS,86.3
2017,Terrance West,RB,BAL,86.8
2017,Martellus Bennett,TE,NE,87.6
2017,Eric Decker,WR,TEN,88.7
2017,Cam Newton,QB,CAR,89.9
2017,DeSean Jackson,WR,TB,90.4
2017,LeGarrette Blount,RB,PHI,91.9
2017,Randall Cobb,WR,GB,92.2
2017,Duke Johnson,RB,CLE,94.2
2017,Tyrell Williams,WR,LAC,95.0
2017,Thomas Rawls,RB,SEA,95.7
2017,Jacquizz Rodgers,RB,TB,95.9
2017,Corey Coleman,WR,CLE,96.4
2017,Adam Thielen,WR,MIN,98.6
2017,Andrew Luck,QB,IND,100.3
2017,Ben Roethlisberger,QB,PIT,101.0
2017,Jonathan Stewart,RB,CAR,101.4
2017,James White,RB,NE,102.7
2017,Donte Moncrief,WR,IND,105.7
2017,Hunter Henry,TE,LAC,106.1
2017,Marvin Jones,WR,DET,106.3
2017,Eddie Lacy,RB,SEA,106.6
2017,John Brown,WR,ARI,108.6
2017,Philip Rivers,QB,LAC,108.7
2017,Corey Davis,WR,TEN,110.9
2017,Dak Prescott,QB,DAL,112.8
2017,Rex Burkhead,RB,NE,113.4
2017,Jamaal Williams,RB,GB,114.3
2017,Rishard Matthews,WR,TEN,116.0
2017,Darren Sproles,RB,PHI,116.3
2017,Matthew Stafford,QB,DET,116.5
2017,Ted Ginn Jr,WR,NO,116.9
2017,Jordan Matthews,WR,BUF,117.5
2017,Cooper Kupp,WR,LAR,121.3
2017,Zay Jones,WR,BUF,122.0
2017,Jamaal Charles,RB,DEN,123.3
2017,Eric Ebron,TE,DET,124.0
2017,Mike Wallace,WR,BAL,125.9
2017,Andy Dalton,QB,CIN,126.5
2017,Samaje Perine,RB,WAS,126.8
2017,Kevin White,WR,CHI,127.0
2017,CJ Prosise,RB,SEA,129.4
2017,Danny Amendola,WR,NE,132.2
2017,Carson Wentz,QB,PHI,132.3
2017,Matt Forte,RB,NYJ,132.6
2017,Jack Doyle,TE,IND,132.6
2017,Jeremy Hill,RB,CIN,134.5
2017,Kenny Britt,WR,NE,136.2
2017,Cole Beasley,WR,DAL,136.2
2017,Eli Manning,QB,NYG,137.1
2017,Alvin Kamara,RB,NO,140.0
2017,Marlon Mack,RB,IND,141.3
2017,Carson Palmer,QB,ARI,142.3
2017,Robby Anderson,WR,NYJ,143.4
2017,Wendell Smallwood,RB,PHI,146.1
2017,Austin Hooper,TE,ATL,146.6
2017,Kendall Wright,WR,CHI,148.4
2017,Chris Carson,RB,SEA,149.7
2017,Jason Witten,TE,DAL,150.5
2017,Taylor Gabriel,WR,ATL,151.4
2017,Kenny Golladay,WR,DET,151.6
2017,Coby Fleener,TE,NO,152.3
2017,Sterling Shepard,WR,NYG,152.3
2017,O.J. Howard,TE,TB,152.7
2017,Latavius Murray,RB,MIN,154.4
2017,DeAndre Washington,RB,LV,155.2
2017,Dion Lewis,RB,NE,155.9
2017,Jay Cutler,QB,MIA,155.9
2017,Tyler Lockett,WR,SEA,156.1
2017,Jonathan Williams,RB,NO,156.1
2017,Donta Foreman,RB,HOU,157.0
2017,Giovani Bernard,RB,CIN,159.6
2017,Charcandrick West,RB,KC,160.7
2017,Tyrod Taylor,QB,BUF,162.4
2017,Mohamed Sanu,WR,ATL,162.9
2018,Todd Gurley,RB,LAR,1.5
2018,David Johnson,RB,ARI,2.8
2018,LeVeon Bell,RB,PIT,3.0
2018,Antonio Brown,WR,PIT,4.7
2018,Ezekiel Elliott,RB,DAL,5.3
2018,Alvin Kamara,RB,NO,6.1
2018,Saquon Barkley,RB,NYG,6.5
2018,DeAndre Hopkins,WR,HOU,8.8
2018,Melvin Gordon,RB,LAC,9.1
2018,Leonard Fournette,RB,JAX,9.4
2018,Odell Beckham Jr,WR,NYG,11.2
2018,Kareem Hunt,RB,KC,11.4
2018,Christian McCaffrey,RB,CAR,12.7
2018,Julio Jones,WR,ATL,14.2
2018,Dalvin Cook,RB,MIN,15.6
2018,Michael Thomas,WR,NO,16.0
2018,Keenan Allen,WR,LAC,17.2
2018,Davante Adams,WR,GB,18.2
2018,Devonta Freeman,RB,ATL,19.1
2018,Jordan Howard,RB,CHI,20.0
2018,Rob Gronkowski,TE,NE,21.0
2018,A.J. Green,WR,CIN,21.3
2018,Joe Mixon,RB,CIN,23.3
2018,Tyreek Hill,WR,KC,23.7
2018,Mike Evans,WR,TB,25.5
2018,Stefon Diggs,WR,MIN,26.0
2018,T.Y. Hilton,WR,IND,27.4
2018,Travis Kelce,TE,KC,28.5
2018,Royce Freeman,RB,DEN,29.0
2018,LeSean McCoy,RB,BUF,29.9
2018,Aaron Rodgers,QB,GB,31.4
2018,Amari Cooper,WR,DAL,31.4
2018,Alex Collins,RB,BAL,31.5
2018,Kenyan Drake,RB,MIA,32.8
2018,Adam Thielen,WR,MIN,33.5
2018,Jerick McKinnon,RB,SF,34.3
2018,Larry Fitzgerald,WR,ARI,34.9
2018,Doug Baldwin,WR,SEA,37.6
2018,Lamar Miller,RB,HOU,38.0
2018,Zach Ertz,TE,PHI,39.1
2018,Jarvis Landry,WR,CLE,39.4
2018,JuJu Smith-Schuster,WR,PIT,41.2
2018,Chris Hogan,WR,NE,42.1
2018,Derrick Henry,RB,TEN,42.1
2018,Josh Gordon,WR,NE,44.1
2018,Mark Ingram,RB,NO,45.9
2018,Deshaun Watson,QB,HOU,46.5
2018,Jay Ajayi,RB,PHI,46.6
2018,Golden Tate,WR,PHI,46.7
2018,Demaryius Thomas,WR,HOU,47.0
2018,Marquise Goodwin,WR,SF,48.9
2018,Jimmy Graham,TE,GB,49.3
2018,Tom Brady,QB,NE,50.3
2018,Brandin Cooks,WR,LAR,52.5
2018,Marshawn Lynch,RB,LV,52.6
2018,Carlos Hyde,RB,JAX,53.9
2018,Allen Robinson,WR,CHI,55.2
2018,Dion Lewis,RB,TEN,55.5
2018,Greg Olsen,TE,CAR,57.5
2018,Emmanuel Sanders,WR,DEN,57.6
2018,Jamaal Williams,RB,GB,59.7
2018,Russell Wilson,QB,SEA,61.0
2018,Corey Davis,WR,TEN,61.1
2018,Marvin Jones,WR,DET,62.3
2018,Kerryon Johnson,RB,DET,62.5
2018,Rex Burkhead,RB,NE,64.0
2018,Trey Burton,TE,CHI,64.6
2018,Julian Edelman,WR,NE,65.5
2018,Chris Carson,RB,SEA,66.7
2018,Drew Brees,QB,NO,66.9
2018,Peyton Barber,RB,TB,69.0
2018,Michael Crabtree,WR,BAL,70.4
2018,Evan Engram,TE,NYG,70.5
2018,Cam Newton,QB,CAR,71.0
2018,Will Fuller,WR,HOU,73.0
2018,Chris Thompson,RB,WAS,74.1
2018,Kyle Rudolph,TE,MIN,76.1
2018,Tevin Coleman,RB,ATL,76.5
2018,Delanie Walker,TE,TEN,77.6
2018,Cooper Kupp,WR,LAR,77.8
2018,Jamison Crowder,WR,WAS,79.5
2018,Adrian Peterson,RB,WAS,81.1
2018,Kirk Cousins,QB,MIN,81.7
2018,Alshon Jeffery,WR,PHI,82.8
2018,Sony Michel,RB,NE,83.5
2018,Carson Wentz,QB,PHI,84.5
2018,Robby Anderson,WR,NYJ,84.8
2018,Tarik Cohen,RB,CHI,85.2
2018,Rashaad Penny,RB,SEA,87.1
2018,Devin Funchess,WR,CAR,87.4
2018,Andrew Luck,QB,IND,87.6
2018,Jordan Reed,TE,WAS,88.3
2018,Isaiah Crowell,RB,NYJ,89.6
2018,Randall Cobb,WR,GB,90.9
2018,Nelson Agholor,WR,PHI,92.8
2018,Duke Johnson,RB,CLE,93.5
2018,Sammy Watkins,WR,KC,93.8
2018,Marlon Mack,RB,IND,94.3
2018,Jimmy Garoppolo,QB,SF,96.7
2018,Aaron Jones,RB,GB,97.7
2018,Jordy Nelson,WR,LV,98.2
2018,David Njoku,TE,CLE,98.4
2018,James White,RB,NE,99.5
2018,Matthew Stafford,QB,DET,100.3
2018,Mike Williams,WR,LAC,102.7
2018,Robert Woods,WR,LAR,103.7
2018,Sterling Shepard,WR,NYG,106.1
2018,Philip Rivers,QB,LAC,107.3
2018,Matt Ryan,QB,ATL,108.1
2018,Kenny Stills,WR,MIA,108.1
2018,Pierre Garcon,WR,SF,108.2
2018,Ronald Jones II,RB,TB,111.4
2018,Kelvin Benjamin,WR,KC,113.1
2018,Keelan Cole,WR,JAX,113.9
2018,Bilal Powell,RB,NYJ,114.3
2018,Ben Roethlisberger,QB,PIT,114.5
2018,Jack Doyle,TE,IND,116.1
2018,Patrick Mahomes,QB,KC,118.1
2018,Calvin Ridley,WR,ATL,119.3
2018,Alfred Morris,RB,SF,119.8
2018,Latavius Murray,RB,MIN,123.1
2018,CJ Anderson,RB,LAR,123.3
2018,John Brown,WR,BAL,123.4
2018,Jared Goff,QB,LAR,123.9
2018,Matt Breida,RB,SF,125.6
2018,Nick Chubb,RB,CLE,126.4
2018,Allen Hurns,WR,DAL,127.6
2018,Corey Clement,RB,PHI,128.4
2018,Michael Gallup,WR,DAL,129.2
2018,Ty Montgomery,RB,BAL,129.2
2018,D.J. Moore,WR,CAR,129.8
2018,Tyler Lockett,WR,SEA,131.1
2018,Kenny Golladay,WR,DET,131.9
2018,George Kittle,TE,SF,133.0
2018,Alex Smith,QB,WAS,134.5
2018,Marcus Mariota,QB,TEN,136.0
2018,Chris Godwin,WR,TB,138.4
2018,Giovani Bernard,RB,CIN,140.9
2018,Derek Carr,QB,LV,141.1
2018,Anthony Miller,WR,CHI,141.5
2018,Geronimo Allison,WR,GB,142.2
2018,Jordan Wilkins,RB,IND,143.1
2018,Cameron Meredith,WR,NO,145.0
2018,Tyler Eifert,TE,CIN,147.0
2018,O.J. Howard,TE,TB,151.3
2018,Jameis Winston,QB,TB,151.7
2018,John Ross,WR,CIN,152.0
2018,Dede Westbrook,WR,JAX,152.7
2018,Austin Hooper,TE,ATL,152.9
2018,LeGarrette Blount,RB,DET,153.9
2018,Ricky Seals-Jones,TE,ARI,154.1
2018,DeVante Parker,WR,MIA,154.8
2018,Devontae Booker,RB,DEN,155.6
2018,Eric Ebron,TE,IND,156.0
2018,Tyrod Taylor,QB,CLE,156.8
2018,James Conner,RB,PIT,157.1
2018,Eli Manning,QB,NYG,157.2
2018,Danny Amendola,WR,MIA,157.6
2018,Dak Prescott,QB,DAL,158.6
2018,Doug Martin,RB,LV,158.6
2018,Theo Riddick,RB,DET,159.6
2018,Austin Ekeler,RB,LAC,160.8
2018,Josh Doctson,WR,WAS,162.3
2018,Courtland Sutton,WR,DEN,163.1
2018,Spencer Ware,RB,KC,164.3
2018,Mitch Trubisky,QB,CHI,164.3
2018,Case Keenum,QB,DEN,165.9
2018,Christian Kirk,WR,ARI,166.8
2019,Saquon Barkley,RB,NYG,1.4
2019,Alvin Kamara,RB,NO,2.5
2019,Christian McCaffrey,RB,CAR,3.2
2019,Ezekiel Elliott,RB,DAL,3.9
2019,Davante Adams,WR,GB,6.4
2019,DeAndre Hopkins,WR,HOU,7.0
2019,James Conner,RB,PIT,7.1
2019,David Johnson,RB,ARI,7.1
2019,LeVeon Bell,RB,NYJ,8.8
2019,Julio Jones,WR,ATL,10.2
2019,Michael Thomas,WR,NO,10.4
2019,Nick Chubb,RB,CLE,11.7
2019,JuJu Smith-Schuster,WR,PIT,12.9
2019,Tyreek Hill,WR,KC,13.9
2019,Dalvin Cook,RB,MIN,14.6
2019,Odell Beckham Jr,WR,CLE,15.1
2019,Todd Gurley,RB,LAR,16.0
2019,Travis Kelce,TE,KC,17.1
2019,Joe Mixon,RB,CIN,18.4
2019,Patrick Mahomes,QB,KC,19.3
2019,Mike Evans,WR,TB,20.2
2019,Antonio Brown,WR,NE,21.4
2019,Adam Thielen,WR,MIN,22.9
2019,Leonard Fournette,RB,JAX,23.2
2019,Keenan Allen,WR,LAC,25.0
2019,Damien Williams,RB,KC,25.5
2019,Chris Carson,RB,SEA,26.5
2019,George Kittle,TE,SF,28.3
2019,Kerryon Johnson,RB,DET,28.5
2019,Aaron Jones,RB,GB,29.2
2019,Devonta Freeman,RB,ATL,30.4
2019,Stefon Diggs,WR,MIN,30.8
2019,David Montgomery,RB,CHI,31.3
2019,Josh Jacobs,RB,LV,33.1
2019,Amari Cooper,WR,DAL,33.1
2019,Zach Ertz,TE,PHI,33.5
2019,Julian Edelman,WR,NE,36.1
2019,Sony Michel,RB,NE,37.4
2019,Brandin Cooks,WR,LAR,39.1
2019,Mark Ingram,RB,BAL,39.7
2019,Chris Godwin,WR,TB,39.9
2019,Melvin Gordon,RB,LAC,42.0
2019,Robert Woods,WR,LAR,42.2
2019,Tyler Lockett,WR,SEA,42.9
2019,Derrick Henry,RB,TEN,43.8
2019,Cooper Kupp,WR,LAR,45.2
2019,Marlon Mack,RB,IND,46.5
2019,Kenny Golladay,WR,DET,47.1
2019,Deshaun Watson,QB,HOU,47.1
2019,James White,RB,NE,48.1
2019,T.Y. Hilton,WR,IND,49.0
2019,Tyler Boyd,WR,CIN,51.5
2019,Duke Johnson,RB,HOU,51.7
2019,Josh Gordon,WR,SEA,52.1
2019,Calvin Ridley,WR,ATL,53.5
2019,O.J. Howard,TE,TB,54.1
2019,Phillip Lindsay,RB,DEN,55.6
2019,Aaron Rodgers,QB,GB,55.7
2019,Evan Engram,TE,NYG,57.3
2019,Tevin Coleman,RB,SF,57.7
2019,Miles Sanders,RB,PHI,59.0
2019,Mike Williams,WR,LAC,60.3
2019,Austin Ekeler,RB,LAC,61.7
2019,Dede Westbrook,WR,JAX,62.7
2019,Baker Mayfield,QB,CLE,63.2
2019,Hunter Henry,TE,LAC,63.3
2019,A.J. Green,WR,CIN,63.8
2019,Jarvis Landry,WR,CLE,64.8
2019,D.J. Moore,WR,CAR,67.2
2019,Matt Ryan,QB,ATL,69.2
2019,Derrius Guice,RB,WAS,69.8
2019,Jared Cook,TE,NO,70.6
2019,Tarik Cohen,RB,CHI,71.0
2019,Alshon Jeffery,WR,PHI,71.9
2019,Drew Brees,QB,NO,73.9
2019,Carson Wentz,QB,PHI,74.6
2019,Vance McDonald,TE,PIT,75.1
2019,Robby Anderson,WR,NYJ,75.9
2019,Latavius Murray,RB,NO,76.4
2019,Allen Robinson,WR,CHI,76.6
2019,Emmanuel Sanders,WR,SF,80.6
2019,Jared Goff,QB,LAR,81.5
2019,Will Fuller,WR,HOU,81.6
2019,Kenyan Drake,RB,ARI,82.9
2019,Tony Pollard,RB,DAL,83.3
2019,David Njoku,TE,CLE,83.5
2019,Devin Singletary,RB,BUF,83.9
2019,Matt Breida,RB,SF,84.8
2019,Darwin Thompson,RB,KC,86.0
2019,Curtis Samuel,WR,CAR,88.0
2019,Russell Wilson,QB,SEA,88.4
2019,Christian Kirk,WR,ARI,89.9
2019,LeSean McCoy,RB,KC,90.8
2019,Sterling Shepard,WR,NYG,92.2
2019,Darrell Henderson,RB,LAR,93.0
2019,Cam Newton,QB,CAR,94.4
2019,Rashaad Penny,RB,SEA,95.3
2019,Austin Hooper,TE,ATL,95.4
2019,Sammy Watkins,WR,KC,96.1
2019,Lamar Jackson,QB,BAL,97.6
2019,Geronimo Allison,WR,GB,98.7
2019,Marquez Valdes-Scantling,WR,GB,100.6
2019,Kareem Hunt,RB,CLE,100.8
2019,James Washington,WR,PIT,101.3
2019,Jordan Howard,RB,PHI,103.7
2019,Jameis Winston,QB,TB,105.1
2019,Marvin Jones,WR,DET,105.3
2019,Larry Fitzgerald,WR,ARI,106.5
2019,Ben Roethlisberger,QB,PIT,106.8
2019,Royce Freeman,RB,DEN,108.1
2019,Dante Pettis,WR,SF,109.8
2019,Corey Davis,WR,TEN,110.8
2019,Kyler Murray,QB,ARI,110.9
2019,Kalen Ballage,RB,MIA,113.5
2019,Michael Gallup,WR,DAL,113.8
2019,Tom Brady,QB,NE,114.6
2019,Delanie Walker,TE,TEN,115.4
2019,Philip Rivers,QB,LAC,116.1
2019,Eric Ebron,TE,IND,117.5
2019,Jaylen Samuels,RB,PIT,119.0
2019,DeSean Jackson,WR,PHI,119.4
2019,Donte Moncrief,WR,CAR,119.8
2019,Justin Jackson,RB,LAC,119.9
2019,Justice Hill,RB,BAL,120.7
2019,Golden Tate,WR,NYG,123.3
2019,T.J. Hockenson,TE,DET,126.1
2019,Courtland Sutton,WR,DEN,126.2
2019,Dak Prescott,QB,DAL,127.2
2019,Alexander Mattison,RB,MIN,127.3
2019,Jamison Crowder,WR,NYJ,128.8
2019,Kirk Cousins,QB,MIN,130.7
2019,Peyton Barber,RB,TB,131.3
2019,Tyrell Williams,WR,LV,131.4
2019,D.K. Metcalf,WR,SEA,131.8
2019,Adrian Peterson,RB,WAS,133.1
2019,Anthony Miller,WR,CHI,134.4
2019,John Brown,WR,BUF,136.2
2019,Mecole Hardman,WR,KC,137.7
2019,Mitch Trubisky,QB,CHI,139.2
2019,Mark Andrews,TE,BAL,142.1
2019,Dion Lewis,RB,TEN,142.9
2019,Josh Allen,QB,BUF,145.8
2019,Keke Coutee,WR,HOU,146.2
2019,Jimmy Garoppolo,QB,SF,147.5
2019,Greg Olsen,TE,CAR,148.9
2019,Damien Harris,RB,NE,151.4
2019,Deebo Samuel,WR,SF,151.8
2019,Carlos Hyde,RB,HOU,151.9
2019,Frank Gore,RB,BUF,152.3
2019,Trey Burton,TE,CHI,152.4
2019,N'Keal Harry,WR,NE,152.8
2019,Ito Smith,RB,ATL,154.2
2019,Kyle Rudolph,TE,MIN,154.9
2019,Darren Waller,TE,LV,155.8
2019,Ty Montgomery,RB,NYJ,157.1
2019,Derek Carr,QB,LV,157.4
2019,Malcolm Brown,RB,LAR,157.6
2019,Dare Ogunbowale,RB,TB,157.9
2019,Jordan Reed,TE,WAS,158.0
2019,Ronald Jones II,RB,TB,158.1
2019,Nyheim Hines,RB,IND,159.2
2019,Cole Beasley,WR,BUF,159.6
2019,Mohamed Sanu,WR,NE,160.7
2019,Matthew Stafford,QB,DET,160.8
2019,Demaryius Thomas,WR,NYJ,161.4
2019,Kenny Stills,WR,HOU,161.5
2019,Tre'Quan Smith,WR,NO,161.6
2019,Marquise Goodwin,WR,SF,163.0
2019,Sam Darnold,QB,NYJ,164.2
2019,Adam Humphries,WR,TEN,166.9
2020,Christian McCaffrey,RB,CAR,1.2
2020,Saquon Barkley,RB,NYG,2.5
2020,Ezekiel Elliott,RB,DAL,3.4
2020,Alvin Kamara,RB,NO,4.9
2020,Michael Thomas,WR,NO,5.6
2020,Clyde Edwards-Helaire,RB,KC,6.2
2020,Dalvin Cook,RB,MIN,6.2
2020,Derrick Henry,RB,TEN,7.4
2020,Josh Jacobs,RB,LV,9.1
2020,Davante Adams,WR,GB,10.4
2020,Austin Ekeler,RB,LAC,11.5
2020,Miles Sanders,RB,PHI,12.0
2020,Joe Mixon,RB,CIN,13.1
2020,Julio Jones,WR,ATL,14.4
2020,Kenyan Drake,RB,ARI,14.8
2020,Tyreek Hill,WR,KC,15.8
2020,Nick Chubb,RB,CLE,16.3
2020,Aaron Jones,RB,GB,17.5
2020,DeAndre Hopkins,WR,ARI,18.5
2020,Patrick Mahomes,QB,KC,18.7
2020,Travis Kelce,TE,KC,19.9
2020,Chris Godwin,WR,TB,21.5
2020,James Conner,RB,PIT,22.4
2020,Lamar Jackson,QB,BAL,22.7
2020,George Kittle,TE,SF,24.4
2020,Kenny Golladay,WR,DET,25.8
2020,Chris Carson,RB,SEA,26.4
2020,Mike Evans,WR,TB,27.9
2020,David Johnson,RB,HOU,28.5
2020,Todd Gurley,RB,ATL,29.1
2020,Adam Thielen,WR,MIN,30.3
2020,Allen Robinson,WR,CHI,31.8
2020,Jonathan Taylor,RB,IND,32.6
2020,D.J. Moore,WR,CAR,32.6
2020,LeVeon Bell,RB,KC,34.5
2020,Leonard Fournette,RB,TB,35.4
2020,Odell Beckham Jr,WR,CLE,35.7
2020,JuJu Smith-Schuster,WR,PIT,36.9
2020,Amari Cooper,WR,DAL,38.1
2020,Melvin Gordon,RB,DEN,39.4
2020,Cooper Kupp,WR,LAR,40.3
2020,Calvin Ridley,WR,ATL,40.9
2020,Mark Andrews,TE,BAL,42.4
2020,Robert Woods,WR,LAR,42.4
2020,Mark Ingram,RB,BAL,42.5
2020,A.J. Brown,WR,TEN,44.4
2020,D.K. Metcalf,WR,SEA,45.3
2020,Devin Singletary,RB,BUF,46.4
2020,D.J. Chark,WR,JAX,47.5
2020,Raheem Mostert,RB,SF,49.4
2020,Tyler Lockett,WR,SEA,49.9
2020,Zach Ertz,TE,PHI,50.6
2020,Terry McLaurin,WR,WAS,50.8
2020,Cam Akers,RB,LAR,52.8
2020,Kareem Hunt,RB,CLE,53.1
2020,Keenan Allen,WR,LAC,53.5
2020,Dak Prescott,QB,DAL,54.7
2020,Ronald Jones II,RB,TB,56.5
2020,T.Y. Hilton,WR,IND,57.5
2020,Courtland Sutton,WR,DEN,58.1
2020,David Montgomery,RB,CHI,59.7
2020,Marquise Brown,WR,BAL,60.0
2020,D'Andre Swift,RB,DET,61.4
2020,Darren Waller,TE,LV,61.6
2020,Russell Wilson,QB,SEA,62.0
2020,Kyler Murray,QB,ARI,62.6
2020,Stefon Diggs,WR,BUF,65.0
2020,DeVante Parker,WR,MIA,66.7
2020,J.K. Dobbins,RB,BAL,67.0
2020,Deshaun Watson,QB,HOU,69.3
2020,A.J. Green,WR,CIN,69.8
2020,Rob Gronkowski,TE,TB,70.4
2020,Will Fuller,WR,HOU,70.5
2020,Michael Gallup,WR,DAL,72.2
2020,James White,RB,NE,72.7
2020,Marlon Mack,RB,IND,74.6
2020,Evan Engram,TE,NYG,74.8
2020,Julian Edelman,WR,NE,77.2
2020,Tyler Boyd,WR,CIN,78.5
2020,Antonio Gibson,RB,WAS,79.0
2020,Hayden Hurst,TE,ATL,79.4
2020,Jordan Howard,RB,PHI,80.0
2020,Drew Brees,QB,NO,80.1
2020,Brandin Cooks,WR,HOU,81.5
2020,Zack Moss,RB,BUF,83.7
2020,Phillip Lindsay,RB,DEN,83.8
2020,Tarik Cohen,RB,CHI,84.6
2020,Matt Ryan,QB,ATL,84.8
2020,Jarvis Landry,WR,CLE,85.5
2020,Tom Brady,QB,TB,88.0
2020,Deebo Samuel,WR,SF,89.1
2020,Diontae Johnson,WR,PIT,89.4
2020,Tyler Higbee,TE,LAR,89.7
2020,Matt Breida,RB,MIA,90.5
2020,CeeDee Lamb,WR,DAL,93.2
2020,Aaron Rodgers,QB,GB,94.3
2020,Latavius Murray,RB,NO,94.9
2020,Marvin Jones,WR,DET,95.1
2020,Tevin Coleman,RB,SF,96.4
2020,Alexander Mattison,RB,MIN,96.7
2020,Kerryon Johnson,RB,DET,97.2
2020,Hunter Henry,TE,LAC,98.0
2020,Emmanuel Sanders,WR,NO,100.0
2020,Chase Edmonds,RB,ARI,101.1
2020,Damien Harris,RB,NE,101.1
2020,Josh Allen,QB,BUF,101.5
2020,Jamison Crowder,WR,NYJ,102.6
2020,Henry Ruggs III,WR,LV,104.5
2020,Mecole Hardman,WR,KC,106.1
2020,Sony Michel,RB,NE,107.4
2020,Carson Wentz,QB,PHI,107.9
2020,Jalen Reagor,WR,PHI,109.5
2020,Matthew Stafford,QB,DET,111.3
2020,A.J. Dillon,RB,GB,111.9
2020,Jerry Jeudy,WR,DEN,112.3
2020,Darius Slayton,WR,NYG,113.2
2020,Darrell Henderson,RB,LAR,114.1
2020,Jared Cook,TE,NO,115.2
2020,Christian Kirk,WR,ARI,116.9
2020,Adrian Peterson,RB,DET,118.4
2020,Sterling Shepard,WR,NYG,118.9
2020,Tony Pollard,RB,DAL,119.4
2020,Noah Fant,TE,DEN,119.6
2020,Boston Scott,RB,PHI,120.1
2020,Cam Newton,QB,NE,120.7
2020,Justin Jefferson,WR,MIN,121.5
2020,Daniel Jones,QB,NYG,125.4
2020,Bryce Love,RB,WAS,126.8
2020,Anthony Miller,WR,CHI,126.9
2020,DeSean Jackson,WR,PHI,127.1
2020,Ben Roethlisberger,QB,PIT,129.5
2020,Preston Williams,WR,MIA,130.9
2020,Duke Johnson,RB,HOU,131.0
2020,Allen Lazard,WR,GB,131.0
2020,Ke'Shawn Vaughn,RB,TB,134.4
2020,Ryquell Armstead,RB,JAX,135.3
2020,Joe Burrow,QB,CIN,135.7
2020,Brandon Aiyuk,WR,SF,135.9
2020,Austin Hooper,TE,CLE,136.7
2020,Justin Jackson,RB,LAC,137.6
2020,Nyheim Hines,RB,IND,139.9
2020,Sammy Watkins,WR,KC,140.5
2020,T.J. Hockenson,TE,DET,143.1
2020,Baker Mayfield,QB,CLE,144.7
2020,Golden Tate,WR,NYG,145.3
2020,Mike Gesicki,TE,MIA,146.5
2020,Jared Goff,QB,LAR,147.2
2020,John Brown,WR,BUF,149.1
2020,Chris Thompson,RB,JAX,149.6
2020,Michael Pittman Jr.,WR,IND,151.7
2020,Darrel Williams,RB,KC,152.3
2020,Jerick McKinnon,RB,SF,152.3
2020,Benny Snell Jr.,RB,PIT,152.9
2020,Breshad Perriman,WR,NYJ,153.0
2020,Jonnu Smith,TE,TEN,153.6
2020,Jack Doyle,TE,IND,153.7
2020,Chris Herndon IV,TE,NYJ,153.9
2020,Blake Jarwin,TE,DAL,154.4
2020,Joshua Kelley,RB,LAC,154.5
2020,LeSean McCoy,RB,TB,156.0
2020,Ryan Tannehill,QB,TEN,156.4
2020,Carlos Hyde,RB,SEA,156.5
2020,Jimmy Garoppolo,QB,SF,157.2
2020,Parris Campbell,WR,IND,158.4
2020,N'Keal Harry,WR,NE,159.0
2020,Gardner Minshew,QB,JAX,159.2
2020,Philip Rivers,QB,IND,159.6
2020,DeAndre Washington,RB,MIA,161.4
2020,Mike Williams,WR,LAC,161.9
2020,Drew Lock,QB,DEN,162.4
2020,Larry Fitzgerald,WR,ARI,162.8
2020,Curtis Samuel,WR,CAR,163.9
2020,Robby Anderson,WR,CAR,163.9
2020,Bryan Edwards,WR,LV,164.2
2021,Christian McCaffrey,RB,CAR,1.2
2021,Dalvin Cook,RB,MIN,2.5
2021,Alvin Kamara,RB,NO,3.8
2021,Derrick Henry,RB,TEN,4.0
2021,Ezekiel Elliott,RB,DAL,5.3
2021,Davante Adams,WR,GB,6.4
2021,Aaron Jones,RB,GB,7.5
2021,Travis Kelce,TE,KC,8.2
2021,Austin Ekeler,RB,LAC,8.5
2021,Nick Chubb,RB,CLE,9.9
2021,Tyreek Hill,WR,KC,10.6
2021,Saquon Barkley,RB,NYG,12.0
2021,Najee Harris,RB,PIT,12.9
2021,Stefon Diggs,WR,BUF,13.5
2021,Jonathan Taylor,RB,IND,13.8
2021,Antonio Gibson,RB,WAS,15.6
2021,DeAndre Hopkins,WR,ARI,17.0
2021,Calvin Ridley,WR,ATL,18.0
2021,Joe Mixon,RB,CIN,19.2
2021,D.K. Metcalf,WR,SEA,19.7
2021,Clyde Edwards-Helaire,RB,KC,20.4
2021,Darren Waller,TE,LV,21.5
2021,Justin Jefferson,WR,MIN,22.4
2021,Patrick Mahomes,QB,KC,22.9
2021,A.J. Brown,WR,TEN,24.8
2021,David Montgomery,RB,CHI,25.9
2021,Keenan Allen,WR,LAC,25.9
2021,Chris Carson,RB,SEA,28.0
2021,George Kittle,TE,SF,28.5
2021,James Robinson,RB,JAX,29.1
2021,CeeDee Lamb,WR,DAL,29.6
2021,Terry McLaurin,WR,WAS,30.3
2021,Allen Robinson,WR,CHI,32.7
2021,D'Andre Swift,RB,DET,34.0
2021,Josh Allen,QB,BUF,34.4
2021,Robert Woods,WR,LAR,35.1
2021,Josh Jacobs,RB,LV,35.4
2021,Mike Evans,WR,TB,37.8
2021,Miles Sanders,RB,PHI,38.7
2021,Amari Cooper,WR,DAL,40.0
2021,Kyle Pitts,TE,ATL,40.3
2021,Kyler Murray,QB,ARI,41.3
2021,Cooper Kupp,WR,LAR,41.3
2021,Mike Davis,RB,ATL,43.1
2021,Darrell Henderson,RB,LAR,43.8
2021,Diontae Johnson,WR,PIT,44.9
2021,Myles Gaskin,RB,MIA,45.7
2021,Julio Jones,WR,TEN,46.0
2021,Chris Godwin,WR,TB,47.2
2021,Tyler Lockett,WR,SEA,48.4
2021,Lamar Jackson,QB,BAL,50.9
2021,Adam Thielen,WR,MIN,52.3
2021,Javonte Williams,RB,DEN,52.7
2021,Mark Andrews,TE,BAL,52.8
2021,Kareem Hunt,RB,CLE,53.2
2021,Brandon Aiyuk,WR,SF,53.9
2021,T.J. Hockenson,TE,DET,55.4
2021,Damien Harris,RB,NE,55.5
2021,Gus Edwards,RB,BAL,56.6
2021,D.J. Moore,WR,CAR,57.0
2021,Aaron Rodgers,QB,GB,59.0
2021,Chase Edmonds,RB,ARI,60.4
2021,Chase Claypool,WR,PIT,61.1
2021,Tee Higgins,WR,CIN,61.3
2021,Raheem Mostert,RB,SF,63.0
2021,Jerry Jeudy,WR,DEN,64.1
2021,Dak Prescott,QB,DAL,66.7
2021,Trey Sermon,RB,SF,67.7
2021,Odell Beckham Jr,WR,LAR,69.0
2021,Justin Herbert,QB,LAC,69.3
2021,Russell Wilson,QB,SEA,69.4
2021,Michael Thomas,WR,NO,69.5
2021,Logan Thomas,TE,WAS,72.2
2021,Antonio Brown,WR,TB,72.7
2021,Robby Anderson,WR,CAR,75.0
2021,Melvin Gordon,RB,DEN,75.2
2021,Michael Carter,RB,NYJ,76.1
2021,Ja'Marr Chase,WR,CIN,77.4
2021,DeVonta Smith,WR,PHI,77.6
2021,Tom Brady,QB,TB,77.8
2021,A.J. Dillon,RB,GB,79.1
2021,Noah Fant,TE,DEN,79.2
2021,Ronald Jones II,RB,TB,79.8
2021,JuJu Smith-Schuster,WR,PIT,82.5
2021,Kenny Golladay,WR,NYG,82.8
2021,Zack Moss,RB,BUF,83.8
2021,Matthew Stafford,QB,LAR,85.0
2021,Courtland Sutton,WR,DEN,85.7
2021,Laviska Shenault Jr.,WR,JAX,85.9
2021,Robert Tonyan Jr.,TE,GB,87.2
2021,Corey Davis,WR,NYJ,89.6
2021,Deebo Samuel,WR,SF,89.8
2021,Leonard Fournette,RB,TB,90.1
2021,Marquez Callaway,WR,NO,90.5
2021,Devin Singletary,RB,BUF,91.2
2021,Jamaal Williams,RB,DET,92.0
2021,Sony Michel,RB,LAR,93.4
2021,Dallas Goedert,TE,PHI,93.9
2021,Tyler Higbee,TE,LAR,95.8
2021,Ryan Tannehill,QB,TEN,96.1
2021,James Conner,RB,ARI,96.2
2021,Tyler Boyd,WR,CIN,97.3
2021,Jaylen Waddle,WR,MIA,99.2
2021,Mecole Hardman,WR,KC,100.0
2021,Jalen Hurts,QB,PHI,100.2
2021,Tony Pollard,RB,DAL,102.7
2021,Brandin Cooks,WR,HOU,102.9
2021,Kenyan Drake,RB,LV,102.9
2021,Michael Pittman Jr.,WR,IND,104.4
2021,Alexander Mattison,RB,MIN,106.5
2021,Phillip Lindsay,RB,MIA,107.5
2021,Darnell Mooney,WR,CHI,109.0
2021,Joe Burrow,QB,CIN,112.4
2021,D.J. Chark,WR,JAX,112.8
2021,Mike Gesicki,TE,MIA,114.3
2021,David Johnson,RB,HOU,115.0
2021,Jakobi Meyers,WR,NE,116.2
2021,Mike Williams,WR,LAC,116.2
2021,J.D. McKissic,RB,WAS,116.8
2021,Jarvis Landry,WR,CLE,118.2
2021,Trey Lance,QB,SF,118.2
2021,Irv Smith Jr.,TE,MIN,120.3
2021,Nyheim Hines,RB,IND,120.6
2021,Giovani Bernard,RB,TB,120.9
2021,Rhamondre Stevenson,RB,NE,121.3
2021,Henry Ruggs III,WR,LV,123.9
2021,Justin Fields,QB,CHI,125.6
2021,Marvin Jones,WR,JAX,126.0
2021,Chuba Hubbard,RB,CAR,127.6
2021,James White,RB,NE,128.8
2021,Will Fuller,WR,MIA,129.2
2021,Matt Ryan,QB,ATL,129.8
2021,Latavius Murray,RB,BAL,130.6
2021,Jonnu Smith,TE,NE,130.7
2021,Elijah Moore,WR,NYJ,132.6
2021,Russell Gage,WR,ATL,133.8
2021,Baker Mayfield,QB,CLE,134.3
2021,Michael Gallup,WR,DAL,135.4
2021,Jameis Winston,QB,NO,137.3
2021,Rashaad Penny,RB,SEA,137.9
2021,Tevin Coleman,RB,NYJ,139.0
2021,Curtis Samuel,WR,WAS,140.2
2021,Marquise Brown,WR,BAL,140.9
2021,Rob Gronkowski,TE,TB,142.8
2021,Ben Roethlisberger,QB,PIT,143.2
2021,Gabriel Davis,WR,BUF,144.3
2021,Trevor Lawrence,QB,JAX,144.7
2021,Damien Williams,RB,CHI,146.0
2021,Rondale Moore,WR,ARI,146.4
2021,Bryan Edwards,WR,LV,148.2
2021,Terrace Marshall Jr.,WR,CAR,149.0
2021,Zach Wilson,QB,NYJ,149.1
2021,Hunter Henry,TE,NE,149.7
2021,Darrel Williams,RB,KC,150.3
2021,Evan Engram,TE,NYG,150.9
2021,Cole Beasley,WR,BUF,150.9
2021,Adam Trautman,TE,NO,151.9
2021,Mark Ingram,RB,NO,154.2
2021,Justin Jackson,RB,LAC,154.6
2021,Kenneth Gainwell,RB,PHI,154.8
2021,Jared Cook,TE,LAC,155.0
2021,Devontae Booker,RB,NYG,155.5
2021,A.J. Green,WR,ARI,156.6
2021,Gerald Everett,TE,SEA,156.6
2021,Zach Ertz,TE,ARI,157.1
2021,Pat Freiermuth,TE,PIT,157.3
2021,Mac Jones,QB,NE,157.4
2021,Amon-Ra St. Brown,WR,DET,158.5
2021,Tony Jones Jr.,RB,NO,158.8
2021,Marlon Mack,RB,IND,158.8
2021,Randall Cobb,WR,GB,159.7
2021,Jerick McKinnon,RB,KC,159.7
2021,Tyrell Williams,WR,DET,160.0
2021,Tua Tagovailoa,QB,MIA,160.6
2021,Kirk Cousins,QB,MIN,160.9
2021,Malcolm Brown,RB,MIA,161.7
2021,DeVante Parker,WR,MIA,162.3
2021,Ryan Fitzpatrick,QB,WAS,163.3
2021,Deshaun Watson,QB,HOU,163.6
2021,Carson Wentz,QB,IND,167.1
2021,Nelson Agholor,WR,NE,170.7
2021,Marquez Valdes-Scantling,WR,GB,170.9
2021,Carlos Hyde,RB,JAX,172.7
2022,Jonathan Taylor,RB,IND,1.3
2022,Christian McCaffrey,RB,SF,2.4
2022,Austin Ekeler,RB,LAC,2.7
2022,Derrick Henry,RB,TEN,4.3
2022,Justin Jefferson,WR,MIN,4.6
2022,Cooper Kupp,WR,LAR,5.7
2022,Najee Harris,RB,PIT,7.1
2022,Dalvin Cook,RB,MIN,7.5
2022,Ja'Marr Chase,WR,CIN,8.7
2022,Joe Mixon,RB,CIN,10.1
2022,Alvin Kamara,RB,NO,10.9
2022,Davante Adams,WR,LV,12.0
2022,D'Andre Swift,RB,DET,12.8
2022,Stefon Diggs,WR,BUF,13.6
2022,Aaron Jones,RB,GB,14.9
2022,Saquon Barkley,RB,NYG,15.5
2022,Travis Kelce,TE,KC,16.5
2022,CeeDee Lamb,WR,DAL,17.5
2022,Nick Chubb,RB,CLE,18.8
2022,Deebo Samuel,WR,SF,19.6
2022,Javonte Williams,RB,DEN,20.2
2022,Josh Allen,QB,BUF,20.4
2022,Leonard Fournette,RB,TB,21.9
2022,Tyreek Hill,WR,MIA,22.7
2022,Michael Pittman Jr.,WR,IND,24.9
2022,Mark Andrews,TE,BAL,25.5
2022,Mike Evans,WR,TB,26.5
2022,Ezekiel Elliott,RB,DAL,27.7
2022,James Conner,RB,ARI,28.4
2022,Keenan Allen,WR,LAC,29.5
2022,A.J. Brown,WR,PHI,30.4
2022,Kyle Pitts,TE,ATL,31.2
2022,Tee Higgins,WR,CIN,32.5
2022,Cam Akers,RB,LAR,33.1
2022,Justin Herbert,QB,LAC,33.2
2022,Travis Etienne,RB,JAX,33.6
2022,D.J. Moore,WR,CAR,35.9
2022,Terry McLaurin,WR,WAS,38.0
2022,Patrick Mahomes,QB,KC,38.3
2022,J.K. Dobbins,RB,BAL,38.8
2022,David Montgomery,RB,CHI,39.3
2022,Mike Williams,WR,LAC,39.6
2022,Elijah Mitchell,RB,SF,42.4
2022,Diontae Johnson,WR,PIT,43.4
2022,George Kittle,TE,SF,44.2
2022,Breece Hall,RB,NYJ,44.4
2022,Courtland Sutton,WR,DEN,45.3
2022,Joe Burrow,QB,CIN,46.1
2022,Josh Jacobs,RB,LV,46.8
2022,Jaylen Waddle,WR,MIA,47.7
2022,A.J. Dillon,RB,GB,48.7
2022,Darren Waller,TE,LV,50.4
2022,Lamar Jackson,QB,BAL,51.3
2022,D.K. Metcalf,WR,SEA,51.4
2022,Michael Thomas,WR,NO,52.3
2022,Allen Robinson,WR,LAR,53.5
2022,Clyde Edwards-Helaire,RB,KC,54.3
2022,Jalen Hurts,QB,PHI,56.3
2022,Chris Godwin,WR,TB,56.5
2022,Brandin Cooks,WR,HOU,56.7
2022,Damien Harris,RB,NE,59.8
2022,Kyler Murray,QB,ARI,61.6
2022,Jerry Jeudy,WR,DEN,61.7
2022,Miles Sanders,RB,PHI,61.7
2022,Dalton Schultz,TE,DAL,62.6
2022,Gabriel Davis,WR,BUF,62.9
2022,Rashaad Penny,RB,SEA,63.3
2022,Adam Thielen,WR,MIN,63.8
2022,Darnell Mooney,WR,CHI,68.1
2022,Marquise Brown,WR,ARI,68.7
2022,Kareem Hunt,RB,CLE,68.9
2022,Chase Edmonds,RB,DEN,69.6
2022,Dameon Pierce,RB,HOU,70.5
2022,Tony Pollard,RB,DAL,70.8
2022,Hunter Renfrow,WR,LV,71.2
2022,Russell Wilson,QB,DEN,72.5
2022,Amon-Ra St. Brown,WR,DET,73.4
2022,Devin Singletary,RB,BUF,74.4
2022,Dallas Goedert,TE,PHI,75.2
2022,JuJu Smith-Schuster,WR,KC,75.9
2022,Rhamondre Stevenson,RB,NE,76.0
2022,Aaron Rodgers,QB,GB,80.2
2022,Rashod Bateman,WR,BAL,81.0
2022,Dak Prescott,QB,DAL,83.6
2022,Amari Cooper,WR,CLE,84.2
2022,Melvin Gordon,RB,KC,85.4
2022,DeVonta Smith,WR,PHI,86.6
2022,Tom Brady,QB,TB,86.8
2022,Elijah Moore,WR,NYJ,87.9
2022,Zach Ertz,TE,ARI,89.0
2022,Allen Lazard,WR,GB,89.5
2022,DeAndre Hopkins,WR,ARI,90.0
2022,Brandon Aiyuk,WR,SF,90.0
2022,Matthew Stafford,QB,LAR,90.3
2022,Cordarrelle Patterson,RB,ATL,91.4
2022,James Cook,RB,BUF,92.0
2022,Kenneth Walker III,RB,SEA,92.9
2022,Nyheim Hines,RB,BUF,93.9
2022,Christian Kirk,WR,JAX,96.2
2022,Trey Lance,QB,SF,97.7
2022,Pat Freiermuth,TE,PIT,100.0
2022,James Robinson,RB,NYJ,101.5
2022,Raheem Mostert,RB,MIA,101.9
2022,Drake London,WR,ATL,102.2
2022,Robert Woods,WR,TEN,102.5
2022,Kadarius Toney,WR,KC,102.7
2022,Derek Carr,QB,LV,103.1
2022,Cole Kmet,TE,CHI,103.6
2022,Kenneth Gainwell,RB,PHI,105.8
2022,Tyler Allgeier,RB,ATL,107.6
2022,Kirk Cousins,QB,MIN,108.6
2022,J.D. McKissic,RB,WAS,110.2
2022,Chris Olave,WR,NO,110.4
2022,Dawson Knox,TE,BUF,111.5
2022,Darrell Henderson,RB,JAX,111.9
2022,Tyler Lockett,WR,SEA,112.5
2022,Brian Robinson Jr.,RB,WAS,112.7
2022,Michael Carter,RB,NYJ,113.3
2022,Antonio Gibson,RB,WAS,114.7
2022,Isiah Pacheco,RB,KC,118.0
2022,Skyy Moore,WR,KC,118.1
2022,Michael Gallup,WR,DAL,118.2
2022,T.J. Hockenson,TE,MIN,120.2
2022,Julio Jones,WR,TB,120.9
2022,Tua Tagovailoa,QB,MIA,121.2
2022,Jamaal Williams,RB,DET,121.7
2022,Tyler Boyd,WR,CIN,123.0
2022,Rachaad White,RB,TB,123.3
2022,George Pickens,WR,PIT,123.6
2022,Alexander Mattison,RB,MIN,128.9
2022,Marquez Valdes-Scantling,WR,KC,129.0
2022,Treylon Burks,WR,TEN,129.3
2022,Zamir White,RB,LV,130.5
2022,Matt Ryan,QB,IND,132.9
2022,Chase Claypool,WR,CHI,133.7
2022,Romeo Doubs,WR,GB,134.1
2022,Hunter Henry,TE,NE,134.1
2022,DeVante Parker,WR,NE,134.9
2022,Justin Fields,QB,CHI,138.0
2022,Rondale Moore,WR,ARI,142.5
2022,Trevor Lawrence,QB,JAX,142.9
2022,Irv Smith Jr.,TE,MIN,146.0
2022,Robert Tonyan Jr.,TE,GB,147.9
2022,Jameis Winston,QB,NO,150.1
2022,Isaiah McKenzie,WR,BUF,152.6
2022,Nico Collins,WR,HOU,153.8
2023,Christian McCaffrey,RB,SF,1.5
2023,Justin Jefferson,WR,MIN,1.7
2023,Austin Ekeler,RB,LAC,3.0
2023,Ja'Marr Chase,WR,CIN,3.8
2023,Bijan Robinson,RB,FA,5.1
2023,Travis Kelce,TE,KC,5.8
2023,Cooper Kupp,WR,LAR,6.4
2023,Jonathan Taylor,RB,IND,8.3
2023,Saquon Barkley,RB,NYG,8.4
2023,Tyreek Hill,WR,MIA,8.7
2023,Nick Chubb,RB,CLE,10.1
2023,Stefon Diggs,WR,BUF,12.6
2023,Davante Adams,WR,LV,12.6
2023,Tony Pollard,RB,DAL,14.8
2023,Josh Jacobs,RB,LV,14.8
2023,Derrick Henry,RB,TEN,15.5
2023,Amon-Ra St. Brown,WR,DET,16.6
2023,A.J. Brown,WR,PHI,17.0
2023,CeeDee Lamb,WR,DAL,18.1
2023,Rhamondre Stevenson,RB,NE,20.2
2023,Najee Harris,RB,PIT,20.9
2023,Mark Andrews,TE,BAL,22.4
2023,Garrett Wilson,WR,NYJ,22.7
2023,Travis Etienne,RB,JAX,23.1
2023,Patrick Mahomes,QB,KC,24.1
2023,Breece Hall,RB,NYJ,24.7
2023,Jaylen Waddle,WR,MIA,24.9
2023,Joe Mixon,RB,CIN,27.5
2023,Kenneth Walker III,RB,SEA,29.3
2023,Aaron Jones,RB,GB,29.7
2023,Tee Higgins,WR,CIN,30.5
2023,Chris Olave,WR,NO,31.4
2023,Deebo Samuel,WR,SF,31.8
2023,Dalvin Cook,RB,MIN,32.7
2023,Josh Allen,QB,BUF,33.7
2023,D.K. Metcalf,WR,SEA,34.0
2023,DeVonta Smith,WR,PHI,35.3
2023,T.J. Hockenson,TE,MIN,37.1
2023,Jalen Hurts,QB,PHI,38.7
2023,David Montgomery,RB,DET,39.1
2023,Alexander Mattison,RB,MIN,39.5
2023,Keenan Allen,WR,LAC,40.1
2023,Chris Godwin,WR,TB,41.7
2023,D'Andre Swift,RB,PHI,43.1
2023,Dameon Pierce,RB,HOU,43.3
2023,Amari Cooper,WR,CLE,45.0
2023,Michael Pittman Jr.,WR,IND,45.9
2023,James Conner,RB,ARI,47.2
2023,Javonte Williams,RB,DEN,48.1
2023,J.K. Dobbins,RB,BAL,48.7
2023,George Kittle,TE,SF,49.5
2023,D.J. Moore,WR,CHI,49.6
2023,Cam Akers,RB,LAR,51.0
2023,Jahmyr Gibbs,RB,FA,52.8
2023,Joe Burrow,QB,CIN,52.8
2023,Kyle Pitts,TE,ATL,53.5
2023,Mike Evans,WR,TB,54.1
2023,DeAndre Hopkins,WR,TEN,54.7
2023,Diontae Johnson,WR,PIT,55.0
2023,Terry McLaurin,WR,WAS,55.4
2023,Miles Sanders,RB,CAR,55.9
2023,Lamar Jackson,QB,BAL,58.2
2023,Alvin Kamara,RB,NO,59.3
2023,Rachaad White,RB,TB,62.7
2023,Kadarius Toney,WR,KC,62.8
2023,Dallas Goedert,TE,PHI,63.0
2023,Isiah Pacheco,RB,KC,66.0
2023,Mike Williams,WR,LAC,66.0
2023,Justin Herbert,QB,LAC,67.2
2023,Tyler Lockett,WR,SEA,67.5
2023,Jerry Jeudy,WR,DEN,68.3
2023,Christian Kirk,WR,JAX,69.2
2023,Darren Waller,TE,NYG,69.4
2023,Brandon Aiyuk,WR,SF,72.0
2023,Justin Fields,QB,CHI,73.2
2023,Drake London,WR,ATL,73.8
2023,Calvin Ridley,WR,JAX,74.4
2023,Antonio Gibson,RB,WAS,75.6
2023,A.J. Dillon,RB,GB,75.8
2023,Marquise Brown,WR,ARI,75.9
2023,Dak Prescott,QB,DAL,77.8
2023,James Cook,RB,BUF,78.9
2023,Damien Harris,RB,BUF,78.9
2023,Christian Watson,WR,GB,81.5
2023,Courtland Sutton,WR,DEN,81.7
2023,Brandin Cooks,WR,DAL,83.4
2023,Tyler Allgeier,RB,ATL,85.4
2023,Trevor Lawrence,QB,JAX,85.5
2023,Treylon Burks,WR,TEN,86.4
2023,Pat Freiermuth,TE,PIT,86.8
2023,Rashaad Penny,RB,PHI,87.0
2023,Darnell Mooney,WR,CHI,87.1
2023,Jamaal Williams,RB,NO,90.1
2023,Brian Robinson Jr.,RB,WAS,90.4
2023,Rashod Bateman,WR,BAL,91.0
2023,JuJu Smith-Schuster,WR,NE,94.5
2023,Dalton Schultz,TE,HOU,96.2
2023,David Njoku,TE,CLE,97.1
2023,Elijah Mitchell,RB,SF,97.4
2023,Aaron Rodgers,QB,NYJ,97.5
2023,George Pickens,WR,PIT,98.2
2023,Jakobi Meyers,WR,LV,98.9
2023,Gabriel Davis,WR,BUF,99.3
2023,Kareem Hunt,RB,CLE,99.8
2023,Evan Engram,TE,JAX,100.3
2023,Deshaun Watson,QB,CLE,100.5
2023,Jahan Dotson,WR,WAS,102.4
2023,Raheem Mostert,RB,MIA,103.9
2023,Tua Tagovailoa,QB,MIA,104.4
2023,Ezekiel Elliott,RB,DAL,106.1
2023,Elijah Moore,WR,CLE,106.1
2023,Devin Singletary,RB,HOU,107.9
2023,Kenneth Gainwell,RB,PHI,109.3
2023,Kirk Cousins,QB,MIN,110.1
2023,Michael Thomas,WR,NO,110.6
2023,Rondale Moore,WR,ARI,114.6
2023,Cordarrelle Patterson,RB,ATL,115.0
2023,Jerick McKinnon,RB,KC,115.3
2023,Allen Lazard,WR,NYJ,115.6
2023,Donta Foreman,RB,CHI,116.7
2023,Adam Thielen,WR,CAR,118.3
2023,Dawson Knox,TE,BUF,118.6
2023,Skyy Moore,WR,KC,120.2
2023,Cole Kmet,TE,CHI,121.7
2023,Tyler Boyd,WR,CIN,122.4
2023,Samaje Perine,RB,DEN,123.1
2023,Russell Wilson,QB,DEN,123.2
2023,Hunter Renfrow,WR,LV,124.8
2023,Michael Carter,RB,NYJ,125.1
2023,Daniel Jones,QB,NYG,126.8
2023,Nico Collins,WR,HOU,127.1
2023,Leonard Fournette,RB,TB,128.2
2023,Chase Edmonds,RB,TB,129.2
2023,Kayshon Boutte,WR,FA,129.8
2023,Clyde Edwards-Helaire,RB,KC,130.9
2023,Kyler Murray,QB,ARI,131.0
2023,Zay Jones,WR,JAX,131.8
2023,Jameson Williams,WR,DET,132.0
2023,Jared Goff,QB,DET,133.2
2023,Gerald Everett,TE,LAC,135.7
2023,Jaxon Smith-Njigba,WR,FA,137.4
2023,Michael Gallup,WR,DAL,138.0
2023,Zay Flowers,WR,FA,138.7
2023,Jordan Addison,WR,FA,139.1
2023,Tyler Higbee,TE,LAR,139.8
2023,James Robinson,RB,NYG,140.3
2023,Quentin Johnston,WR,FA,140.9
2023,Derek Carr,QB,NO,140.9
2023,Nyheim Hines,RB,BUF,141.0
2023,Tank Bigsby,RB,FA,142.2
2023,Donovan Peoples-Jones,WR,FA,142.5
2023,Anthony Richardson,QB,FA,142.9
2023,Allen Robinson,WR,PIT,143.2
2023,Dalton Kincaid,TE,FA,143.4
2023,Zach Charbonnet,RB,FA,145.0
2023,Wan'Dale Robinson,WR,NYG,145.1
2023,Zamir White,RB,LV,145.8
2023,Kendre Miller,RB,FA,146.2
2023,Devon Achane,RB,FA,146.4
2023,Jaylen Warren,RB,PIT,146.4
2023,Roschon Johnson,RB,FA,146.9
2023,Geno Smith,QB,SEA,147.6
2023,Chase Claypool,WR,CHI,149.6
2023,Matthew Stafford,QB,LAR,150.0
2023,Mike Gesicki,TE,NE,151.2
2023,Greg Dulcich,TE,DEN,151.6
2023,D'Ernest Johnson,RB,JAX,152.6
2023,Irv Smith Jr.,TE,CIN,152.7
2023,Romeo Doubs,WR,GB,153.2
2023,Chigoziem Okonkwo,TE,TEN,153.4
2023,Zach Ertz,TE,ARI,153.5
2023,Desmond Ridder,QB,ATL,154.0
2023,Chuba Hubbard,RB,CAR,155.7
2023,Jerome Ford,RB,CLE,156.3
2023,Isaiah Spiller,RB,LAC,157.1
2023,Hayden Hurst,TE,CAR,157.2
2023,K.J. Osborn,WR,MIN,157.3
2023,Taysom Hill,TE,NO,157.4
2023,Jordan Love,QB,GB,157.8
2023,Trey Lance,QB,SF,158.0
2023,Brock Purdy,QB,SF,158.1
2023,Alec Pierce,WR,IND,158.1
2023,Gus Edwards,RB,BAL,158.3
2023,Hunter Henry,TE,NE,158.3
2023,Bryce Young,QB,FA,158.6
2023,Marquez Valdes-Scantling,WR,KC,159.4
2023,Noah Fant,TE,SEA,159.7
2023,Kenny Pickett,QB,PIT,160.2
2023,Joshua Kelley,RB,LAC,160.6
2023,Mecole Hardman,WR,NYJ,161.2
2023,Isaiah Hodgins,WR,NYG,161.5
2023,Curtis Samuel,WR,WAS,161.6
2023,Robert Woods,WR,HOU,162.1
2023,Melvin Gordon,RB,BAL,163.2
2023,Zack Moss,RB,IND,163.5
2023,Parris Campbell,WR,NYG,166.3
2023,Pierre Strong Jr.,RB,NE,166.4
2023,John Metchie III,WR,HOU,166.6
2023,Jimmy Garoppolo,QB,LV,167.3
2023,DeVante Parker,WR,NE,168.0
2023,Darius Slayton,WR,NYG,168.5
2023,Van Jefferson,WR,LAR,170.1
